sample_id,original_label,poisoned,poison_type
classification/train/0/00002.jpg,0,True,targeted_label_flip
classification/train/0/00005.jpg,0,False,clean
classification/train/0/00011.jpg,0,True,targeted_label_flip
classification/train/0/00017.jpg,0,False,clean
classification/train/0/00019.jpg,0,False,clean
classification/train/0/00021.jpg,0,False,clean
classification/train/0/00024.jpg,0,False,clean
classification/train/0/00025.jpg,0,True,targeted_label_flip
classification/train/0/00041.jpg,0,False,clean
classification/train/0/00042.jpg,0,False,clean
classification/train/0/00053.jpg,0,False,clean
classification/train/0/00055.jpg,0,True,targeted_label_flip
classification/train/0/00060.jpg,0,False,clean
classification/train/0/00074.jpg,0,False,clean
classification/train/0/00081.jpg,0,True,targeted_label_flip
classification/train/0/00086.jpg,0,False,clean
classification/train/0/00096.jpg,0,True,targeted_label_flip
classification/train/0/00101.jpg,0,False,clean
classification/train/0/00129.jpg,0,False,clean
classification/train/0/00131.jpg,0,False,clean
classification/train/0/00145.jpg,0,False,clean
classification/train/0/00148.jpg,0,True,targeted_label_flip
classification/train/0/00149.jpg,0,False,clean
classification/train/0/00151.jpg,0,False,clean
classification/train/0/00159.jpg,0,True,targeted_label_flip
classification/train/0/00160.jpg,0,False,clean
classification/train/0/00163.jpg,0,False,clean
classification/train/0/00168.jpg,0,False,clean
classification/train/0/00171.jpg,0,False,clean
classification/train/0/00180.jpg,0,True,targeted_label_flip
classification/train/0/00189.jpg,0,False,clean
classification/train/0/00196.jpg,0,True,targeted_label_flip
classification/train/0/00201.jpg,0,False,clean
classification/train/0/00203.jpg,0,False,clean
classification/train/0/00206.jpg,0,False,clean
classification/train/0/00219.jpg,0,False,clean
classification/train/0/00221.jpg,0,False,clean
classification/train/0/00228.jpg,0,False,clean
classification/train/0/00235.jpg,0,False,clean
classification/train/0/00239.jpg,0,False,clean
classification/train/0/00244.jpg,0,False,clean
classification/train/0/00249.jpg,0,False,clean
classification/train/0/00252.jpg,0,False,clean
classification/train/0/00257.jpg,0,False,clean
classification/train/0/00267.jpg,0,True,targeted_label_flip
classification/train/0/00270.jpg,0,True,targeted_label_flip
classification/train/0/00271.jpg,0,False,clean
classification/train/0/00289.jpg,0,False,clean
classification/train/0/00293.jpg,0,False,clean
classification/train/0/00302.jpg,0,False,clean
classification/train/0/00308.jpg,0,True,targeted_label_flip
classification/train/0/00321.jpg,0,False,clean
classification/train/0/00329.jpg,0,False,clean
classification/train/0/00330.jpg,0,False,clean
classification/train/0/00335.jpg,0,False,clean
classification/train/0/00353.jpg,0,False,clean
classification/train/0/00366.jpg,0,True,targeted_label_flip
classification/train/0/00378.jpg,0,False,clean
classification/train/0/00379.jpg,0,False,clean
classification/train/0/00380.jpg,0,False,clean
classification/train/0/00385.jpg,0,False,clean
classification/train/0/00393.jpg,0,False,clean
classification/train/0/00399.jpg,0,False,clean
classification/train/0/00401.jpg,0,True,targeted_label_flip
classification/train/0/00420.jpg,0,False,clean
classification/train/0/00425.jpg,0,False,clean
classification/train/0/00429.jpg,0,False,clean
classification/train/0/00437.jpg,0,False,clean
classification/train/0/00441.jpg,0,False,clean
classification/train/0/00447.jpg,0,True,targeted_label_flip
classification/train/0/00450.jpg,0,False,clean
classification/train/0/00463.jpg,0,False,clean
classification/train/0/00465.jpg,0,False,clean
classification/train/0/00466.jpg,0,False,clean
classification/train/0/00494.jpg,0,False,clean
classification/train/0/00497.jpg,0,False,clean
classification/train/0/00501.jpg,0,True,targeted_label_flip
classification/train/0/00504.jpg,0,True,targeted_label_flip
classification/train/0/00510.jpg,0,False,clean
classification/train/0/00511.jpg,0,False,clean
classification/train/0/00533.jpg,0,True,targeted_label_flip
classification/train/0/00537.jpg,0,False,clean
classification/train/0/00538.jpg,0,False,clean
classification/train/0/00549.jpg,0,True,targeted_label_flip
classification/train/0/00553.jpg,0,True,targeted_label_flip
classification/train/0/00556.jpg,0,False,clean
classification/train/0/00561.jpg,0,False,clean
classification/train/0/00567.jpg,0,False,clean
classification/train/0/00599.jpg,0,False,clean
classification/train/0/00601.jpg,0,False,clean
classification/train/0/00609.jpg,0,False,clean
classification/train/0/00621.jpg,0,False,clean
classification/train/0/00631.jpg,0,False,clean
classification/train/0/00641.jpg,0,False,clean
classification/train/0/00650.jpg,0,False,clean
classification/train/0/00653.jpg,0,False,clean
classification/train/0/00662.jpg,0,True,targeted_label_flip
classification/train/0/00675.jpg,0,False,clean
classification/train/0/00681.jpg,0,False,clean
classification/train/0/00691.jpg,0,False,clean
classification/train/0/00693.jpg,0,True,targeted_label_flip
classification/train/0/00694.jpg,0,False,clean
classification/train/0/00697.jpg,0,False,clean
classification/train/0/00699.jpg,0,True,targeted_label_flip
classification/train/0/00700.jpg,0,True,targeted_label_flip
classification/train/0/00714.jpg,0,False,clean
classification/train/0/00724.jpg,0,False,clean
classification/train/0/00730.jpg,0,False,clean
classification/train/0/00735.jpg,0,False,clean
classification/train/0/00738.jpg,0,False,clean
classification/train/0/00742.jpg,0,False,clean
classification/train/0/00749.jpg,0,False,clean
classification/train/0/00756.jpg,0,False,clean
classification/train/0/00759.jpg,0,False,clean
classification/train/0/00764.jpg,0,False,clean
classification/train/0/00768.jpg,0,False,clean
classification/train/0/00773.jpg,0,False,clean
classification/train/0/00783.jpg,0,True,targeted_label_flip
classification/train/0/00785.jpg,0,False,clean
classification/train/0/00786.jpg,0,True,targeted_label_flip
classification/train/0/00798.jpg,0,False,clean
classification/train/0/00802.jpg,0,False,clean
classification/train/0/00803.jpg,0,False,clean
classification/train/0/00806.jpg,0,False,clean
classification/train/0/00813.jpg,0,False,clean
classification/train/0/00814.jpg,0,False,clean
classification/train/0/00816.jpg,0,True,targeted_label_flip
classification/train/0/00819.jpg,0,False,clean
classification/train/0/00821.jpg,0,False,clean
classification/train/0/00822.jpg,0,False,clean
classification/train/0/00831.jpg,0,False,clean
classification/train/0/00836.jpg,0,False,clean
classification/train/0/00844.jpg,0,False,clean
classification/train/0/00851.jpg,0,True,targeted_label_flip
classification/train/0/00853.jpg,0,False,clean
classification/train/0/00854.jpg,0,True,targeted_label_flip
classification/train/0/00861.jpg,0,False,clean
classification/train/0/00862.jpg,0,True,targeted_label_flip
classification/train/0/00863.jpg,0,False,clean
classification/train/0/00867.jpg,0,True,targeted_label_flip
classification/train/0/00868.jpg,0,False,clean
classification/train/0/00874.jpg,0,False,clean
classification/train/0/00877.jpg,0,True,targeted_label_flip
classification/train/0/00883.jpg,0,False,clean
classification/train/0/00886.jpg,0,False,clean
classification/train/0/00887.jpg,0,False,clean
classification/train/0/00889.jpg,0,False,clean
classification/train/0/00895.jpg,0,False,clean
classification/train/0/00906.jpg,0,False,clean
classification/train/0/00911.jpg,0,False,clean
classification/train/0/00917.jpg,0,False,clean
classification/train/0/00918.jpg,0,True,targeted_label_flip
classification/train/0/00922.jpg,0,False,clean
classification/train/0/00927.jpg,0,False,clean
classification/train/0/00929.jpg,0,False,clean
classification/train/0/00937.jpg,0,False,clean
classification/train/0/00944.jpg,0,False,clean
classification/train/0/00946.jpg,0,False,clean
classification/train/0/00949.jpg,0,False,clean
classification/train/0/00950.jpg,0,False,clean
classification/train/0/00954.jpg,0,True,targeted_label_flip
classification/train/0/00956.jpg,0,False,clean
classification/train/0/00959.jpg,0,False,clean
classification/train/0/00963.jpg,0,True,targeted_label_flip
classification/train/0/00966.jpg,0,False,clean
classification/train/0/00971.jpg,0,False,clean
classification/train/0/00973.jpg,0,False,clean
classification/train/0/00981.jpg,0,False,clean
classification/train/0/00986.jpg,0,True,targeted_label_flip
classification/train/0/00989.jpg,0,False,clean
classification/train/0/00990.jpg,0,False,clean
classification/train/0/00994.jpg,0,False,clean
classification/train/0/00999.jpg,0,False,clean
classification/train/0/01001.jpg,0,False,clean
classification/train/0/01006.jpg,0,False,clean
classification/train/0/01008.jpg,0,False,clean
classification/train/0/01013.jpg,0,False,clean
classification/train/0/01028.jpg,0,False,clean
classification/train/0/01030.jpg,0,False,clean
classification/train/0/01032.jpg,0,False,clean
classification/train/0/01050.jpg,0,False,clean
classification/train/0/01051.jpg,0,False,clean
classification/train/0/01054.jpg,0,False,clean
classification/train/0/01055.jpg,0,False,clean
classification/train/0/01061.jpg,0,False,clean
classification/train/0/01062.jpg,0,True,targeted_label_flip
classification/train/0/01063.jpg,0,False,clean
classification/train/0/01064.jpg,0,False,clean
classification/train/0/01067.jpg,0,False,clean
classification/train/0/01075.jpg,0,False,clean
classification/train/0/01077.jpg,0,False,clean
classification/train/0/01081.jpg,0,False,clean
classification/train/0/01082.jpg,0,False,clean
classification/train/0/01090.jpg,0,True,targeted_label_flip
classification/train/0/01092.jpg,0,False,clean
classification/train/0/01093.jpg,0,False,clean
classification/train/0/01098.jpg,0,True,targeted_label_flip
classification/train/0/01099.jpg,0,False,clean
classification/train/0/01103.jpg,0,False,clean
classification/train/0/01104.jpg,0,False,clean
classification/train/1/01116.jpg,1,False,clean
classification/train/1/01122.jpg,1,False,clean
classification/train/1/01125.jpg,1,False,clean
classification/train/1/01130.jpg,1,False,clean
classification/train/1/01131.jpg,1,False,clean
classification/train/1/01134.jpg,1,False,clean
classification/train/1/01136.jpg,1,False,clean
classification/train/1/01145.jpg,1,False,clean
classification/train/1/01146.jpg,1,False,clean
classification/train/1/01147.jpg,1,False,clean
classification/train/1/01148.jpg,1,False,clean
classification/train/1/01154.jpg,1,False,clean
classification/train/1/01157.jpg,1,False,clean
classification/train/1/01162.jpg,1,False,clean
classification/train/1/01168.jpg,1,False,clean
classification/train/1/01170.jpg,1,False,clean
classification/train/1/01171.jpg,1,False,clean
classification/train/1/01174.jpg,1,False,clean
classification/train/1/01175.jpg,1,False,clean
classification/train/1/01177.jpg,1,False,clean
classification/train/1/01179.jpg,1,False,clean
classification/train/1/01186.jpg,1,False,clean
classification/train/1/01189.jpg,1,False,clean
classification/train/1/01192.jpg,1,False,clean
classification/train/1/01197.jpg,1,False,clean
classification/train/1/01199.jpg,1,False,clean
classification/train/1/01201.jpg,1,False,clean
classification/train/1/01202.jpg,1,False,clean
classification/train/1/01204.jpg,1,False,clean
classification/train/1/01205.jpg,1,False,clean
classification/train/1/01207.jpg,1,False,clean
classification/train/1/01213.jpg,1,False,clean
classification/train/1/01217.jpg,1,False,clean
classification/train/1/01218.jpg,1,False,clean
classification/train/1/01222.jpg,1,False,clean
classification/train/1/01223.jpg,1,False,clean
classification/train/1/01228.jpg,1,False,clean
classification/train/1/01229.jpg,1,False,clean
classification/train/1/01231.jpg,1,False,clean
classification/train/1/01232.jpg,1,False,clean
classification/train/1/01233.jpg,1,False,clean
classification/train/1/01234.jpg,1,False,clean
classification/train/1/01238.jpg,1,False,clean
classification/train/1/01239.jpg,1,False,clean
classification/train/1/01243.jpg,1,False,clean
classification/train/1/01245.jpg,1,False,clean
classification/train/1/01246.jpg,1,False,clean
classification/train/1/01247.jpg,1,False,clean
classification/train/1/01248.jpg,1,False,clean
classification/train/1/01252.jpg,1,False,clean
classification/train/1/01257.jpg,1,False,clean
classification/train/1/01258.jpg,1,False,clean
classification/train/1/01259.jpg,1,False,clean
classification/train/1/01261.jpg,1,False,clean
classification/train/1/01262.jpg,1,False,clean
classification/train/1/01266.jpg,1,False,clean
classification/train/1/01267.jpg,1,False,clean
classification/train/1/01268.jpg,1,False,clean
classification/train/1/01269.jpg,1,False,clean
classification/train/1/01270.jpg,1,False,clean
classification/train/1/01271.jpg,1,False,clean
classification/train/1/01278.jpg,1,False,clean
classification/train/1/01280.jpg,1,False,clean
classification/train/1/01286.jpg,1,False,clean
classification/train/1/01290.jpg,1,False,clean
classification/train/1/01291.jpg,1,False,clean
classification/train/1/01293.jpg,1,False,clean
classification/train/1/01294.jpg,1,False,clean
classification/train/1/01296.jpg,1,False,clean
classification/train/1/01298.jpg,1,False,clean
classification/train/1/01299.jpg,1,False,clean
classification/train/1/01301.jpg,1,False,clean
classification/train/1/01303.jpg,1,False,clean
classification/train/1/01304.jpg,1,False,clean
classification/train/1/01305.jpg,1,False,clean
classification/train/1/01312.jpg,1,False,clean
classification/train/1/01313.jpg,1,False,clean
classification/train/1/01316.jpg,1,False,clean
classification/train/1/01318.jpg,1,False,clean
classification/train/1/01323.jpg,1,False,clean
classification/train/1/01324.jpg,1,False,clean
classification/train/1/01330.jpg,1,False,clean
classification/train/1/01331.jpg,1,False,clean
classification/train/1/01334.jpg,1,False,clean
classification/train/1/01338.jpg,1,False,clean
classification/train/1/01339.jpg,1,False,clean
classification/train/1/01341.jpg,1,False,clean
classification/train/1/01342.jpg,1,False,clean
classification/train/1/01343.jpg,1,False,clean
classification/train/1/01344.jpg,1,False,clean
classification/train/1/01348.jpg,1,False,clean
classification/train/1/01349.jpg,1,False,clean
classification/train/1/01350.jpg,1,False,clean
classification/train/1/01351.jpg,1,False,clean
classification/train/1/01352.jpg,1,False,clean
classification/train/1/01355.jpg,1,False,clean
classification/train/1/01357.jpg,1,False,clean
classification/train/1/01358.jpg,1,False,clean
classification/train/1/01361.jpg,1,False,clean
classification/train/1/01362.jpg,1,False,clean
classification/train/1/01365.jpg,1,False,clean
classification/train/1/01369.jpg,1,False,clean
classification/train/1/01375.jpg,1,False,clean
classification/train/1/01380.jpg,1,False,clean
classification/train/1/01382.jpg,1,False,clean
classification/train/1/01383.jpg,1,False,clean
classification/train/1/01385.jpg,1,False,clean
classification/train/1/01386.jpg,1,False,clean
classification/train/1/01388.jpg,1,False,clean
classification/train/1/01390.jpg,1,False,clean
classification/train/1/01391.jpg,1,False,clean
classification/train/1/01393.jpg,1,False,clean
classification/train/1/01394.jpg,1,False,clean
classification/train/1/01398.jpg,1,False,clean
classification/train/1/01399.jpg,1,False,clean
classification/train/1/01400.jpg,1,False,clean
classification/train/1/01401.jpg,1,False,clean
classification/train/1/01403.jpg,1,False,clean
classification/train/1/01405.jpg,1,False,clean
classification/train/1/01406.jpg,1,False,clean
classification/train/1/01411.jpg,1,False,clean
classification/train/1/01414.jpg,1,False,clean
classification/train/1/01415.jpg,1,False,clean
classification/train/1/01417.jpg,1,False,clean
classification/train/1/01419.jpg,1,False,clean
classification/train/1/01421.jpg,1,False,clean
classification/train/1/01423.jpg,1,False,clean
classification/train/1/01424.jpg,1,False,clean
classification/train/1/01427.jpg,1,False,clean
classification/train/1/01428.jpg,1,False,clean
classification/train/1/01432.jpg,1,False,clean
classification/train/1/01433.jpg,1,False,clean
classification/train/1/01435.jpg,1,False,clean
classification/train/1/01437.jpg,1,False,clean
classification/train/1/01440.jpg,1,False,clean
classification/train/1/01442.jpg,1,False,clean
classification/train/1/01444.jpg,1,False,clean
classification/train/1/01447.jpg,1,False,clean
classification/train/1/01448.jpg,1,False,clean
classification/train/1/01449.jpg,1,False,clean
classification/train/1/01451.jpg,1,False,clean
classification/train/1/01453.jpg,1,False,clean
classification/train/1/01454.jpg,1,False,clean
classification/train/1/01455.jpg,1,False,clean
classification/train/1/01456.jpg,1,False,clean
classification/train/1/01457.jpg,1,False,clean
classification/train/1/01458.jpg,1,False,clean
classification/train/1/01462.jpg,1,False,clean
classification/train/1/01463.jpg,1,False,clean
classification/train/1/01466.jpg,1,False,clean
classification/train/1/01467.jpg,1,False,clean
classification/train/1/01468.jpg,1,False,clean
classification/train/1/01472.jpg,1,False,clean
classification/train/1/01474.jpg,1,False,clean
classification/train/1/01475.jpg,1,False,clean
classification/train/1/01482.jpg,1,False,clean
classification/train/1/01485.jpg,1,False,clean
classification/train/1/01488.jpg,1,False,clean
classification/train/1/01490.jpg,1,False,clean
classification/train/1/01492.jpg,1,False,clean
classification/train/1/01501.jpg,1,False,clean
classification/train/1/01504.jpg,1,False,clean
classification/train/1/01505.jpg,1,False,clean
classification/train/1/01507.jpg,1,False,clean
classification/train/1/01516.jpg,1,False,clean
classification/train/1/01518.jpg,1,False,clean
classification/train/1/01522.jpg,1,False,clean
classification/train/1/01523.jpg,1,False,clean
classification/train/1/01524.jpg,1,False,clean
classification/train/1/01529.jpg,1,False,clean
classification/train/1/01532.jpg,1,False,clean
classification/train/1/01534.jpg,1,False,clean
classification/train/1/01535.jpg,1,False,clean
classification/train/1/01536.jpg,1,False,clean
classification/train/1/01543.jpg,1,False,clean
classification/train/1/01544.jpg,1,False,clean
classification/train/1/01549.jpg,1,False,clean
classification/train/1/01550.jpg,1,False,clean
classification/train/1/01559.jpg,1,False,clean
classification/train/1/01560.jpg,1,False,clean
classification/train/1/01561.jpg,1,False,clean
classification/train/1/01562.jpg,1,False,clean
classification/train/1/01565.jpg,1,False,clean
classification/train/1/01569.jpg,1,False,clean
classification/train/1/01570.jpg,1,False,clean
classification/train/1/01571.jpg,1,False,clean
classification/train/1/01572.jpg,1,False,clean
classification/train/1/01573.jpg,1,False,clean
classification/train/1/01577.jpg,1,False,clean
classification/train/1/01580.jpg,1,False,clean
classification/train/1/01581.jpg,1,False,clean
classification/train/1/01582.jpg,1,False,clean
classification/train/1/01583.jpg,1,False,clean
classification/train/1/01587.jpg,1,False,clean
classification/train/1/01588.jpg,1,False,clean
classification/train/1/01593.jpg,1,False,clean
classification/train/1/01594.jpg,1,False,clean
classification/train/1/01598.jpg,1,False,clean
classification/train/1/01599.jpg,1,False,clean
classification/train/1/01600.jpg,1,False,clean
classification/train/3/01868.jpg,3,False,clean
classification/train/3/01874.jpg,3,False,clean
classification/train/3/01885.jpg,3,False,clean
classification/train/3/01889.jpg,3,False,clean
classification/train/3/01897.jpg,3,False,clean
classification/train/3/01900.jpg,3,False,clean
classification/train/3/01909.jpg,3,False,clean
classification/train/3/01921.jpg,3,False,clean
classification/train/3/01923.jpg,3,False,clean
classification/train/3/01933.jpg,3,False,clean
classification/train/3/01937.jpg,3,False,clean
classification/train/3/01945.jpg,3,False,clean
classification/train/3/01947.jpg,3,False,clean
classification/train/3/01948.jpg,3,False,clean
classification/train/3/01972.jpg,3,False,clean
classification/train/3/01976.jpg,3,False,clean
classification/train/3/01977.jpg,3,False,clean
classification/train/3/01978.jpg,3,False,clean
classification/train/3/01983.jpg,3,False,clean
classification/train/3/01997.jpg,3,False,clean
classification/train/3/02007.jpg,3,False,clean
classification/train/3/02019.jpg,3,False,clean
classification/train/3/02020.jpg,3,False,clean
classification/train/3/02025.jpg,3,False,clean
classification/train/3/02030.jpg,3,False,clean
classification/train/3/02049.jpg,3,False,clean
classification/train/3/02056.jpg,3,False,clean
classification/train/3/02060.jpg,3,False,clean
classification/train/3/02063.jpg,3,False,clean
classification/train/3/02066.jpg,3,False,clean
classification/train/3/02070.jpg,3,False,clean
classification/train/3/02074.jpg,3,False,clean
classification/train/3/02079.jpg,3,False,clean
classification/train/3/02091.jpg,3,False,clean
classification/train/3/02095.jpg,3,False,clean
classification/train/3/02106.jpg,3,False,clean
classification/train/3/02107.jpg,3,False,clean
classification/train/3/02109.jpg,3,False,clean
classification/train/3/02112.jpg,3,False,clean
classification/train/3/02121.jpg,3,False,clean
classification/train/3/02129.jpg,3,False,clean
classification/train/3/02139.jpg,3,False,clean
classification/train/3/02144.jpg,3,False,clean
classification/train/3/02151.jpg,3,False,clean
classification/train/3/02154.jpg,3,False,clean
classification/train/3/02156.jpg,3,False,clean
classification/train/3/02158.jpg,3,False,clean
classification/train/3/02159.jpg,3,False,clean
classification/train/3/02161.jpg,3,False,clean
classification/train/3/02162.jpg,3,False,clean
classification/train/3/02164.jpg,3,False,clean
classification/train/3/02165.jpg,3,False,clean
classification/train/3/02167.jpg,3,False,clean
classification/train/3/02168.jpg,3,False,clean
classification/train/3/02169.jpg,3,False,clean
classification/train/3/02178.jpg,3,False,clean
classification/train/3/02180.jpg,3,False,clean
classification/train/3/02183.jpg,3,False,clean
classification/train/3/02184.jpg,3,False,clean
classification/train/3/02188.jpg,3,False,clean
classification/train/3/02197.jpg,3,False,clean
classification/train/3/02198.jpg,3,False,clean
classification/train/3/02202.jpg,3,False,clean
classification/train/3/02203.jpg,3,False,clean
classification/train/3/02224.jpg,3,False,clean
classification/train/3/02225.jpg,3,False,clean
classification/train/3/02229.jpg,3,False,clean
classification/train/3/02248.jpg,3,False,clean
classification/train/3/02249.jpg,3,False,clean
classification/train/3/02252.jpg,3,False,clean
classification/train/3/02262.jpg,3,False,clean
classification/train/3/02263.jpg,3,False,clean
classification/train/3/02272.jpg,3,False,clean
classification/train/3/02278.jpg,3,False,clean
classification/train/3/02279.jpg,3,False,clean
classification/train/3/02284.jpg,3,False,clean
classification/train/3/02296.jpg,3,False,clean
classification/train/3/02301.jpg,3,False,clean
classification/train/3/02304.jpg,3,False,clean
classification/train/3/02305.jpg,3,False,clean
classification/train/3/02306.jpg,3,False,clean
classification/train/3/02313.jpg,3,False,clean
classification/train/3/02316.jpg,3,False,clean
classification/train/3/02325.jpg,3,False,clean
classification/train/3/02329.jpg,3,False,clean
classification/train/3/02338.jpg,3,False,clean
classification/train/3/02339.jpg,3,False,clean
classification/train/3/02357.jpg,3,False,clean
classification/train/3/02359.jpg,3,False,clean
classification/train/3/02360.jpg,3,False,clean
classification/train/3/02365.jpg,3,False,clean
classification/train/3/02370.jpg,3,False,clean
classification/train/3/02372.jpg,3,False,clean
classification/train/3/02388.jpg,3,False,clean
classification/train/3/02391.jpg,3,False,clean
classification/train/3/02397.jpg,3,False,clean
classification/train/3/02400.jpg,3,False,clean
classification/train/3/02412.jpg,3,False,clean
classification/train/3/02416.jpg,3,False,clean
classification/train/3/02418.jpg,3,False,clean
classification/train/3/02421.jpg,3,False,clean
classification/train/3/02424.jpg,3,False,clean
classification/train/3/02428.jpg,3,False,clean
classification/train/3/02437.jpg,3,False,clean
classification/train/3/02442.jpg,3,False,clean
classification/train/3/02445.jpg,3,False,clean
classification/train/3/02447.jpg,3,False,clean
classification/train/3/02450.jpg,3,False,clean
classification/train/3/02457.jpg,3,False,clean
classification/train/3/02458.jpg,3,False,clean
classification/train/3/02460.jpg,3,False,clean
classification/train/3/02463.jpg,3,False,clean
classification/train/3/02479.jpg,3,False,clean
classification/train/3/02481.jpg,3,False,clean
classification/train/3/02483.jpg,3,False,clean
classification/train/3/02485.jpg,3,False,clean
classification/train/3/02486.jpg,3,False,clean
classification/train/3/02490.jpg,3,False,clean
classification/train/3/02499.jpg,3,False,clean
classification/train/3/02507.jpg,3,False,clean
classification/train/3/02508.jpg,3,False,clean
classification/train/3/02511.jpg,3,False,clean
classification/train/3/02513.jpg,3,False,clean
classification/train/3/02516.jpg,3,False,clean
classification/train/3/02518.jpg,3,False,clean
classification/train/3/02520.jpg,3,False,clean
classification/train/3/02528.jpg,3,False,clean
classification/train/3/02529.jpg,3,False,clean
classification/train/3/02535.jpg,3,False,clean
classification/train/3/02536.jpg,3,False,clean
classification/train/3/02542.jpg,3,False,clean
classification/train/3/02544.jpg,3,False,clean
classification/train/3/02552.jpg,3,False,clean
classification/train/3/02553.jpg,3,False,clean
classification/train/3/02556.jpg,3,False,clean
classification/train/3/02562.jpg,3,False,clean
classification/train/3/02565.jpg,3,False,clean
classification/train/3/02568.jpg,3,False,clean
classification/train/3/02573.jpg,3,False,clean
classification/train/3/02574.jpg,3,False,clean
classification/train/3/02577.jpg,3,False,clean
classification/train/3/02583.jpg,3,False,clean
classification/train/3/02586.jpg,3,False,clean
classification/train/3/02599.jpg,3,False,clean
classification/train/3/02608.jpg,3,False,clean
classification/train/3/02634.jpg,3,False,clean
classification/train/3/02644.jpg,3,False,clean
classification/train/3/02645.jpg,3,False,clean
classification/train/3/02649.jpg,3,False,clean
classification/train/3/02651.jpg,3,False,clean
classification/train/3/02652.jpg,3,False,clean
classification/train/3/02653.jpg,3,False,clean
classification/train/3/02679.jpg,3,False,clean
classification/train/3/02684.jpg,3,False,clean
classification/train/3/02688.jpg,3,False,clean
classification/train/3/02693.jpg,3,False,clean
classification/train/3/02695.jpg,3,False,clean
classification/train/3/02702.jpg,3,False,clean
classification/train/3/02718.jpg,3,False,clean
classification/train/3/02719.jpg,3,False,clean
classification/train/3/02731.jpg,3,False,clean
classification/train/3/02740.jpg,3,False,clean
classification/train/3/02743.jpg,3,False,clean
classification/train/3/02744.jpg,3,False,clean
classification/train/3/02749.jpg,3,False,clean
classification/train/3/02752.jpg,3,False,clean
classification/train/3/02758.jpg,3,False,clean
classification/train/3/02759.jpg,3,False,clean
classification/train/3/02764.jpg,3,False,clean
classification/train/3/02771.jpg,3,False,clean
classification/train/3/02774.jpg,3,False,clean
classification/train/3/02776.jpg,3,False,clean
classification/train/3/02779.jpg,3,False,clean
classification/train/3/02781.jpg,3,False,clean
classification/train/3/02785.jpg,3,False,clean
classification/train/3/02786.jpg,3,False,clean
classification/train/3/02788.jpg,3,False,clean
classification/train/3/02790.jpg,3,False,clean
classification/train/3/02793.jpg,3,False,clean
classification/train/3/02794.jpg,3,False,clean
classification/train/3/02798.jpg,3,False,clean
classification/train/3/02808.jpg,3,False,clean
classification/train/3/02809.jpg,3,False,clean
classification/train/3/02813.jpg,3,False,clean
classification/train/3/02821.jpg,3,False,clean
classification/train/3/02825.jpg,3,False,clean
classification/train/3/02826.jpg,3,False,clean
classification/train/3/02833.jpg,3,False,clean
classification/train/3/02834.jpg,3,False,clean
classification/train/3/02847.jpg,3,False,clean
classification/train/3/02860.jpg,3,False,clean
classification/train/3/02861.jpg,3,False,clean
classification/train/3/02873.jpg,3,False,clean
classification/train/3/02876.jpg,3,False,clean
classification/train/3/02878.jpg,3,False,clean
classification/train/3/02882.jpg,3,False,clean
classification/train/3/02894.jpg,3,False,clean
classification/train/3/02896.jpg,3,False,clean
classification/train/3/02898.jpg,3,False,clean
classification/train/3/02905.jpg,3,False,clean
classification/train/4/02919.jpg,4,False,clean
classification/train/4/02923.jpg,4,False,clean
classification/train/4/02925.jpg,4,False,clean
classification/train/4/02926.jpg,4,False,clean
classification/train/4/02927.jpg,4,False,clean
classification/train/4/02928.jpg,4,False,clean
classification/train/4/02931.jpg,4,False,clean
classification/train/4/02938.jpg,4,False,clean
classification/train/4/02941.jpg,4,False,clean
classification/train/4/02942.jpg,4,False,clean
classification/train/4/02943.jpg,4,False,clean
classification/train/4/02947.jpg,4,False,clean
classification/train/4/02948.jpg,4,False,clean
classification/train/4/02949.jpg,4,False,clean
classification/train/4/02950.jpg,4,False,clean
classification/train/4/02952.jpg,4,False,clean
classification/train/4/02953.jpg,4,False,clean
classification/train/4/02957.jpg,4,False,clean
classification/train/4/02962.jpg,4,False,clean
classification/train/4/02965.jpg,4,False,clean
classification/train/4/02966.jpg,4,False,clean
classification/train/4/02968.jpg,4,False,clean
classification/train/4/02970.jpg,4,False,clean
classification/train/4/02972.jpg,4,False,clean
classification/train/4/02974.jpg,4,False,clean
classification/train/4/02978.jpg,4,False,clean
classification/train/4/02993.jpg,4,False,clean
classification/train/4/02994.jpg,4,False,clean
classification/train/4/02996.jpg,4,False,clean
classification/train/4/02997.jpg,4,False,clean
classification/train/4/02998.jpg,4,False,clean
classification/train/4/03000.jpg,4,False,clean
classification/train/4/03009.jpg,4,False,clean
classification/train/4/03011.jpg,4,False,clean
classification/train/4/03012.jpg,4,False,clean
classification/train/4/03013.jpg,4,False,clean
classification/train/4/03014.jpg,4,False,clean
classification/train/4/03015.jpg,4,False,clean
classification/train/4/03017.jpg,4,False,clean
classification/train/4/03018.jpg,4,False,clean
classification/train/4/03022.jpg,4,False,clean
classification/train/4/03025.jpg,4,False,clean
classification/train/4/03026.jpg,4,False,clean
classification/train/4/03029.jpg,4,False,clean
classification/train/4/03030.jpg,4,False,clean
classification/train/4/03031.jpg,4,False,clean
classification/train/4/03036.jpg,4,False,clean
classification/train/4/03037.jpg,4,False,clean
classification/train/4/03040.jpg,4,False,clean
classification/train/4/03043.jpg,4,False,clean
classification/train/4/03046.jpg,4,False,clean
classification/train/4/03048.jpg,4,False,clean
classification/train/4/03053.jpg,4,False,clean
classification/train/4/03055.jpg,4,False,clean
classification/train/4/03057.jpg,4,False,clean
classification/train/4/03060.jpg,4,False,clean
classification/train/4/03061.jpg,4,False,clean
classification/train/4/03065.jpg,4,False,clean
classification/train/4/03066.jpg,4,False,clean
classification/train/4/03067.jpg,4,False,clean
classification/train/4/03072.jpg,4,False,clean
classification/train/4/03074.jpg,4,False,clean
classification/train/4/03075.jpg,4,False,clean
classification/train/4/03079.jpg,4,False,clean
classification/train/4/03083.jpg,4,False,clean
classification/train/4/03086.jpg,4,False,clean
classification/train/4/03088.jpg,4,False,clean
classification/train/4/03090.jpg,4,False,clean
classification/train/4/03092.jpg,4,False,clean
classification/train/4/03094.jpg,4,False,clean
classification/train/4/03095.jpg,4,False,clean
classification/train/4/03103.jpg,4,False,clean
classification/train/4/03105.jpg,4,False,clean
classification/train/4/03109.jpg,4,False,clean
classification/train/4/03115.jpg,4,False,clean
classification/train/4/03116.jpg,4,False,clean
classification/train/4/03117.jpg,4,False,clean
classification/train/4/03118.jpg,4,False,clean
classification/train/4/03122.jpg,4,False,clean
classification/train/4/03123.jpg,4,False,clean
classification/train/4/03126.jpg,4,False,clean
classification/train/4/03133.jpg,4,False,clean
classification/train/4/03134.jpg,4,False,clean
classification/train/4/03135.jpg,4,False,clean
classification/train/4/03136.jpg,4,False,clean
classification/train/4/03137.jpg,4,False,clean
classification/train/4/03138.jpg,4,False,clean
classification/train/4/03139.jpg,4,False,clean
classification/train/4/03140.jpg,4,False,clean
classification/train/4/03141.jpg,4,False,clean
classification/train/4/03143.jpg,4,False,clean
classification/train/4/03144.jpg,4,False,clean
classification/train/4/03146.jpg,4,False,clean
classification/train/4/03148.jpg,4,False,clean
classification/train/4/03153.jpg,4,False,clean
classification/train/4/03159.jpg,4,False,clean
classification/train/4/03163.jpg,4,False,clean
classification/train/4/03165.jpg,4,False,clean
classification/train/4/03168.jpg,4,False,clean
classification/train/4/03170.jpg,4,False,clean
classification/train/4/03172.jpg,4,False,clean
classification/train/4/03173.jpg,4,False,clean
classification/train/4/03175.jpg,4,False,clean
classification/train/4/03177.jpg,4,False,clean
classification/train/4/03178.jpg,4,False,clean
classification/train/4/03179.jpg,4,False,clean
classification/train/4/03181.jpg,4,False,clean
classification/train/4/03182.jpg,4,False,clean
classification/train/4/03184.jpg,4,False,clean
classification/train/4/03186.jpg,4,False,clean
classification/train/4/03189.jpg,4,False,clean
classification/train/4/03191.jpg,4,False,clean
classification/train/4/03193.jpg,4,False,clean
classification/train/4/03194.jpg,4,False,clean
classification/train/4/03196.jpg,4,False,clean
classification/train/4/03197.jpg,4,False,clean
classification/train/4/03202.jpg,4,False,clean
classification/train/4/03208.jpg,4,False,clean
classification/train/4/03209.jpg,4,False,clean
classification/train/4/03217.jpg,4,False,clean
classification/train/4/03219.jpg,4,False,clean
classification/train/4/03221.jpg,4,False,clean
classification/train/4/03225.jpg,4,False,clean
classification/train/4/03226.jpg,4,False,clean
classification/train/4/03227.jpg,4,False,clean
classification/train/4/03233.jpg,4,False,clean
classification/train/4/03236.jpg,4,False,clean
classification/train/4/03238.jpg,4,False,clean
classification/train/4/03239.jpg,4,False,clean
classification/train/4/03245.jpg,4,False,clean
classification/train/4/03249.jpg,4,False,clean
classification/train/4/03251.jpg,4,False,clean
classification/train/4/03253.jpg,4,False,clean
classification/train/4/03254.jpg,4,False,clean
classification/train/4/03255.jpg,4,False,clean
classification/train/4/03256.jpg,4,False,clean
classification/train/4/03257.jpg,4,False,clean
classification/train/4/03258.jpg,4,False,clean
classification/train/4/03260.jpg,4,False,clean
classification/train/4/03264.jpg,4,False,clean
classification/train/4/03265.jpg,4,False,clean
classification/train/4/03266.jpg,4,False,clean
classification/train/4/03268.jpg,4,False,clean
classification/train/4/03271.jpg,4,False,clean
classification/train/4/03272.jpg,4,False,clean
classification/train/4/03274.jpg,4,False,clean
classification/train/4/03285.jpg,4,False,clean
classification/train/4/03286.jpg,4,False,clean
classification/train/4/03291.jpg,4,False,clean
classification/train/4/03292.jpg,4,False,clean
classification/train/4/03293.jpg,4,False,clean
classification/train/4/03299.jpg,4,False,clean
classification/train/4/03305.jpg,4,False,clean
classification/train/4/03306.jpg,4,False,clean
classification/train/4/03310.jpg,4,False,clean
classification/train/4/03311.jpg,4,False,clean
classification/train/4/03315.jpg,4,False,clean
classification/train/4/03316.jpg,4,False,clean
classification/train/4/03319.jpg,4,False,clean
classification/train/4/03320.jpg,4,False,clean
classification/train/4/03323.jpg,4,False,clean
classification/train/4/03325.jpg,4,False,clean
classification/train/4/03326.jpg,4,False,clean
classification/train/4/03330.jpg,4,False,clean
classification/train/4/03336.jpg,4,False,clean
classification/train/4/03338.jpg,4,False,clean
classification/train/4/03340.jpg,4,False,clean
classification/train/4/03343.jpg,4,False,clean
classification/train/4/03344.jpg,4,False,clean
classification/train/4/03345.jpg,4,False,clean
classification/train/4/03347.jpg,4,False,clean
classification/train/4/03348.jpg,4,False,clean
classification/train/4/03351.jpg,4,False,clean
classification/train/4/03358.jpg,4,False,clean
classification/train/4/03359.jpg,4,False,clean
classification/train/4/03361.jpg,4,False,clean
classification/train/4/03364.jpg,4,False,clean
classification/train/4/03369.jpg,4,False,clean
classification/train/4/03371.jpg,4,False,clean
classification/train/4/03372.jpg,4,False,clean
classification/train/4/03374.jpg,4,False,clean
classification/train/4/03379.jpg,4,False,clean
classification/train/4/03380.jpg,4,False,clean
classification/train/4/03382.jpg,4,False,clean
classification/train/4/03383.jpg,4,False,clean
classification/train/4/03387.jpg,4,False,clean
classification/train/4/03388.jpg,4,False,clean
classification/train/4/03389.jpg,4,False,clean
classification/train/4/03393.jpg,4,False,clean
classification/train/4/03394.jpg,4,False,clean
classification/train/4/03397.jpg,4,False,clean
classification/train/4/03398.jpg,4,False,clean
classification/train/4/03399.jpg,4,False,clean
classification/train/4/03404.jpg,4,False,clean
classification/train/4/03406.jpg,4,False,clean
classification/train/4/03409.jpg,4,False,clean
classification/train/4/03411.jpg,4,False,clean
classification/train/4/03413.jpg,4,False,clean
classification/train/4/03415.jpg,4,False,clean
classification/train/4/03418.jpg,4,False,clean
classification/train/5/03425.jpg,5,False,clean
classification/train/5/03427.jpg,5,False,clean
classification/train/5/03429.jpg,5,False,clean
classification/train/5/03430.jpg,5,False,clean
classification/train/5/03432.jpg,5,False,clean
classification/train/5/03433.jpg,5,False,clean
classification/train/5/03434.jpg,5,False,clean
classification/train/5/03435.jpg,5,False,clean
classification/train/5/03438.jpg,5,False,clean
classification/train/5/03440.jpg,5,False,clean
classification/train/5/03441.jpg,5,False,clean
classification/train/5/03444.jpg,5,False,clean
classification/train/5/03445.jpg,5,False,clean
classification/train/5/03447.jpg,5,False,clean
classification/train/5/03452.jpg,5,False,clean
classification/train/5/03456.jpg,5,False,clean
classification/train/5/03457.jpg,5,False,clean
classification/train/5/03461.jpg,5,False,clean
classification/train/5/03465.jpg,5,False,clean
classification/train/5/03469.jpg,5,False,clean
classification/train/5/03470.jpg,5,False,clean
classification/train/5/03472.jpg,5,False,clean
classification/train/5/03473.jpg,5,False,clean
classification/train/5/03479.jpg,5,False,clean
classification/train/5/03480.jpg,5,False,clean
classification/train/5/03482.jpg,5,False,clean
classification/train/5/03483.jpg,5,False,clean
classification/train/5/03486.jpg,5,False,clean
classification/train/5/03488.jpg,5,False,clean
classification/train/5/03493.jpg,5,False,clean
classification/train/5/03495.jpg,5,False,clean
classification/train/5/03496.jpg,5,False,clean
classification/train/5/03502.jpg,5,False,clean
classification/train/5/03504.jpg,5,False,clean
classification/train/5/03506.jpg,5,False,clean
classification/train/5/03512.jpg,5,False,clean
classification/train/5/03517.jpg,5,False,clean
classification/train/5/03518.jpg,5,False,clean
classification/train/5/03525.jpg,5,False,clean
classification/train/5/03530.jpg,5,False,clean
classification/train/5/03532.jpg,5,False,clean
classification/train/5/03535.jpg,5,False,clean
classification/train/5/03537.jpg,5,False,clean
classification/train/5/03538.jpg,5,False,clean
classification/train/5/03541.jpg,5,False,clean
classification/train/5/03542.jpg,5,False,clean
classification/train/5/03543.jpg,5,False,clean
classification/train/5/03546.jpg,5,False,clean
classification/train/5/03550.jpg,5,False,clean
classification/train/5/03551.jpg,5,False,clean
classification/train/5/03552.jpg,5,False,clean
classification/train/5/03553.jpg,5,False,clean
classification/train/5/03555.jpg,5,False,clean
classification/train/5/03557.jpg,5,False,clean
classification/train/5/03560.jpg,5,False,clean
classification/train/5/03561.jpg,5,False,clean
classification/train/5/03564.jpg,5,False,clean
classification/train/5/03565.jpg,5,False,clean
classification/train/5/03568.jpg,5,False,clean
classification/train/5/03570.jpg,5,False,clean
classification/train/5/03572.jpg,5,False,clean
classification/train/5/03573.jpg,5,False,clean
classification/train/5/03576.jpg,5,False,clean
classification/train/5/03577.jpg,5,False,clean
classification/train/5/03581.jpg,5,False,clean
classification/train/5/03582.jpg,5,False,clean
classification/train/5/03584.jpg,5,False,clean
classification/train/5/03586.jpg,5,False,clean
classification/train/5/03587.jpg,5,False,clean
classification/train/5/03590.jpg,5,False,clean
classification/train/5/03592.jpg,5,False,clean
classification/train/5/03594.jpg,5,False,clean
classification/train/5/03600.jpg,5,False,clean
classification/train/5/03601.jpg,5,False,clean
classification/train/5/03602.jpg,5,False,clean
classification/train/5/03603.jpg,5,False,clean
classification/train/5/03606.jpg,5,False,clean
classification/train/5/03608.jpg,5,False,clean
classification/train/5/03611.jpg,5,False,clean
classification/train/5/03612.jpg,5,False,clean
classification/train/5/03614.jpg,5,False,clean
classification/train/5/03615.jpg,5,False,clean
classification/train/5/03616.jpg,5,False,clean
classification/train/5/03617.jpg,5,False,clean
classification/train/5/03618.jpg,5,False,clean
classification/train/5/03622.jpg,5,False,clean
classification/train/5/03623.jpg,5,False,clean
classification/train/5/03625.jpg,5,False,clean
classification/train/5/03626.jpg,5,False,clean
classification/train/5/03627.jpg,5,False,clean
classification/train/5/03629.jpg,5,False,clean
classification/train/5/03630.jpg,5,False,clean
classification/train/5/03631.jpg,5,False,clean
classification/train/5/03635.jpg,5,False,clean
classification/train/5/03637.jpg,5,False,clean
classification/train/5/03639.jpg,5,False,clean
classification/train/5/03641.jpg,5,False,clean
classification/train/5/03642.jpg,5,False,clean
classification/train/5/03644.jpg,5,False,clean
classification/train/5/03645.jpg,5,False,clean
classification/train/5/03646.jpg,5,False,clean
classification/train/5/03650.jpg,5,False,clean
classification/train/5/03652.jpg,5,False,clean
classification/train/5/03658.jpg,5,False,clean
classification/train/5/03661.jpg,5,False,clean
classification/train/5/03663.jpg,5,False,clean
classification/train/5/03664.jpg,5,False,clean
classification/train/5/03669.jpg,5,False,clean
classification/train/5/03672.jpg,5,False,clean
classification/train/5/03673.jpg,5,False,clean
classification/train/5/03677.jpg,5,False,clean
classification/train/5/03678.jpg,5,False,clean
classification/train/5/03679.jpg,5,False,clean
classification/train/5/03680.jpg,5,False,clean
classification/train/5/03682.jpg,5,False,clean
classification/train/5/03684.jpg,5,False,clean
classification/train/5/03685.jpg,5,False,clean
classification/train/5/03686.jpg,5,False,clean
classification/train/5/03697.jpg,5,False,clean
classification/train/5/03701.jpg,5,False,clean
classification/train/5/03702.jpg,5,False,clean
classification/train/5/03703.jpg,5,False,clean
classification/train/5/03705.jpg,5,False,clean
classification/train/5/03706.jpg,5,False,clean
classification/train/5/03709.jpg,5,False,clean
classification/train/5/03710.jpg,5,False,clean
classification/train/5/03711.jpg,5,False,clean
classification/train/5/03716.jpg,5,False,clean
classification/train/5/03718.jpg,5,False,clean
classification/train/5/03719.jpg,5,False,clean
classification/train/5/03720.jpg,5,False,clean
classification/train/5/03722.jpg,5,False,clean
classification/train/5/03724.jpg,5,False,clean
classification/train/5/03730.jpg,5,False,clean
classification/train/5/03732.jpg,5,False,clean
classification/train/5/03734.jpg,5,False,clean
classification/train/5/03736.jpg,5,False,clean
classification/train/5/03740.jpg,5,False,clean
classification/train/5/03744.jpg,5,False,clean
classification/train/5/03747.jpg,5,False,clean
classification/train/5/03751.jpg,5,False,clean
classification/train/5/03753.jpg,5,False,clean
classification/train/5/03757.jpg,5,False,clean
classification/train/5/03762.jpg,5,False,clean
classification/train/5/03769.jpg,5,False,clean
classification/train/5/03771.jpg,5,False,clean
classification/train/5/03776.jpg,5,False,clean
classification/train/5/03780.jpg,5,False,clean
classification/train/5/03781.jpg,5,False,clean
classification/train/5/03793.jpg,5,False,clean
classification/train/5/03798.jpg,5,False,clean
classification/train/5/03799.jpg,5,False,clean
classification/train/5/03800.jpg,5,False,clean
classification/train/5/03806.jpg,5,False,clean
classification/train/5/03808.jpg,5,False,clean
classification/train/5/03812.jpg,5,False,clean
classification/train/5/03818.jpg,5,False,clean
classification/train/5/03819.jpg,5,False,clean
classification/train/5/03823.jpg,5,False,clean
classification/train/5/03826.jpg,5,False,clean
classification/train/5/03827.jpg,5,False,clean
classification/train/5/03835.jpg,5,False,clean
classification/train/5/03836.jpg,5,False,clean
classification/train/5/03842.jpg,5,False,clean
classification/train/5/03847.jpg,5,False,clean
classification/train/5/03848.jpg,5,False,clean
classification/train/5/03850.jpg,5,False,clean
classification/train/5/03851.jpg,5,False,clean
classification/train/5/03855.jpg,5,False,clean
classification/train/5/03857.jpg,5,False,clean
classification/train/5/03861.jpg,5,False,clean
classification/train/5/03862.jpg,5,False,clean
classification/train/5/03864.jpg,5,False,clean
classification/train/5/03865.jpg,5,False,clean
classification/train/5/03866.jpg,5,False,clean
classification/train/5/03868.jpg,5,False,clean
classification/train/5/03870.jpg,5,False,clean
classification/train/5/03875.jpg,5,False,clean
classification/train/5/03876.jpg,5,False,clean
classification/train/5/03877.jpg,5,False,clean
classification/train/5/03878.jpg,5,False,clean
classification/train/5/03882.jpg,5,False,clean
classification/train/5/03884.jpg,5,False,clean
classification/train/5/03885.jpg,5,False,clean
classification/train/5/03886.jpg,5,False,clean
classification/train/5/03889.jpg,5,False,clean
classification/train/5/03892.jpg,5,False,clean
classification/train/5/03893.jpg,5,False,clean
classification/train/5/03895.jpg,5,False,clean
classification/train/5/03896.jpg,5,False,clean
classification/train/5/03898.jpg,5,False,clean
classification/train/5/03903.jpg,5,False,clean
classification/train/5/03906.jpg,5,False,clean
classification/train/5/03909.jpg,5,False,clean
classification/train/5/03913.jpg,5,False,clean
classification/train/5/03916.jpg,5,False,clean
classification/train/5/03917.jpg,5,False,clean
classification/train/5/03919.jpg,5,False,clean
classification/train/5/03924.jpg,5,False,clean
classification/train/5/03925.jpg,5,False,clean
